d_spkt_welch_density__coeff_8,"d_fft_coefficient__attr_""real""__coeff_6","d_fft_coefficient__attr_""real""__coeff_15","d_fft_coefficient__attr_""real""__coeff_18","d_fft_coefficient__attr_""real""__coeff_25","d_fft_coefficient__attr_""real""__coeff_32","d_fft_coefficient__attr_""real""__coeff_38","d_fft_coefficient__attr_""imag""__coeff_12","d_fft_coefficient__attr_""imag""__coeff_27","d_fft_coefficient__attr_""imag""__coeff_30","d_fft_coefficient__attr_""abs""__coeff_1","d_fft_coefficient__attr_""abs""__coeff_13","d_fft_coefficient__attr_""abs""__coeff_45",d_value_count__value_0,d_number_crossing_m__m_0,class
-0.4645613569303683,1.7137291234389949,2.294401942657374,-0.09083175339698306,0.07600555293066943,0.6886950539302197,0.46582637824195905,1.0162190496883015,-0.6097739970436252,-0.24083084396728488,2.066136685382816,0.16084189531808182,-0.10424559345950228,0.6308476606137078,-0.3839514870891707,1.0
-0.1734428875967795,2.2735729628294337,0.319178559089888,-1.1546173396638677,1.547498401317551,0.11091322525967134,1.0379737449808955,-1.0207547761272298,0.3122020927321451,0.21530079393494128,1.511786644792269,-1.0866904942507478,0.8196002216265376,0.33198949770774977,-0.7568158628123013,1.0
1.2737993082372732,1.8566526530457879,-1.058199676883427,-0.24045101359721635,0.24555009433699942,-0.6723826456038924,-2.4512646046073017,2.212184735982209,-1.1277515987041629,-0.2935030941929008,2.066136685382816,1.821970514770108,1.640221962453585,0.6308476606137078,-0.11761979014407736,1.0
2.2595820347306277,-1.1630195457488033,-1.9588682147264267,-1.1071794872571954,-0.21050752715835644,-0.15576598053915955,-0.1415784852084763,0.13808101316496463,-2.7002856500565047,-1.928375445719506,2.066136685382816,1.0296374002158648,2.318215687193471,0.6308476606137078,-1.0764138991464134,1.0
2.2595820347306277,-0.6147640701435014,1.362632053802704,0.814125048978243,0.8147268075866082,1.452188193312478,0.373495186534849,-0.09443627063428243,0.6427043734103145,0.5357890281186196,0.26347376638380604,0.01645466500669594,-0.29161980707506113,0.33198949770774977,-0.3839514870891707,1.0
0.0322589565689029,0.1186757554127721,1.3141325378600586,0.9299058607778015,-1.194747506990879,-0.22655361306923624,2.114206133107424,1.5102786547556166,-0.7855124473415458,-0.11986824924944642,1.3172581008800166,0.06573271129245659,0.6853511659805186,0.4814185791607288,0.5748426219131653,0.0
-0.061952199849431754,0.22485926517073448,0.25800021823201896,0.20659835732526602,0.17077145615306108,-0.3200580680120514,0.30712713262581687,-0.34624291653097466,1.4864756315137555,0.6349509585876961,2.066136685382816,-0.3058095902979183,-0.47793311477535644,0.6308476606137078,-0.330685147700152,1.0
-0.7072261343092889,-1.5878235856530154,-1.6278234159303753,-0.270701022986299,0.5805468251854877,1.4913675810240257,-0.15459856268411523,-0.13597710825894677,0.2847050467733503,-1.1785152233679639,1.0606813094201801,-0.11000741147850696,1.3847756154266957,0.6308476606137078,0.41504360374610927,0.0
2.2595820347306277,-1.4326158224950278,1.5717117725800709,-0.4077053802590909,-0.10950592907001834,0.43353354180714165,0.42596074251983485,-0.6565452171269001,0.9770942391482584,-0.3276281194509399,2.066136685382816,-0.43989871148634996,-0.4156534359065152,0.6308476606137078,-0.5970168446452453,1.0
2.2595820347306277,2.395020149335987,-2.2114645421672257,1.8970673649688006,0.37993556943403134,-0.2709783030690362,1.5717861008712857,1.1815445443598638,2.706173015175791,1.9192076040483104,2.066136685382816,2.1795349638215433,1.2510753451707985,0.6308476606137078,-0.650283184034264,1.0
2.2595820347306277,-0.261373797412622,0.3110952449038896,-0.4284361594663482,-2.4113676953813776,-1.7897880385598313,2.420365140961018,-2.597296396747308,-0.8981221129870121,2.028854527691734,2.066136685382816,2.1795349638215433,2.15159982286423,0.6308476606137078,-1.2362129173134693,1.0
1.9029073803080463,-0.41136839015459786,-1.0228835790190758,1.383104543388719,2.017731864481191,-1.046044681171962,-0.5015823300025422,-0.8308134448080611,1.1652053224205057,0.5617119304227178,2.066136685382816,2.1795349638215433,2.318215687193471,0.6308476606137078,-0.969881220368376,1.0
2.2595820347306277,1.1813531896183078,1.241977566711872,-1.5122891342854992,-0.5813228673322743,-0.898431040081767,-2.3976674334236465,-1.8573150381540953,0.20529894661904236,-1.876690028065681,2.066136685382816,-0.02794758273591467,-0.3269621388445796,0.6308476606137078,-0.650283184034264,1.0
1.5425145775958324,1.6708578865887658,-0.45807205702382886,1.8725561815800638,-2.146184258392769,-0.8165496572685337,1.8544909386797053,0.6135870627410693,-0.9101011274601475,1.7158851846196383,2.066136685382816,2.1795349638215433,-0.9989798060530176,0.6308476606137078,-0.8633485415903387,1.0
0.015007425933698887,-0.48473746745217383,1.2738390165653506,0.18649365227958759,0.3646487545787247,0.6324599658591225,-1.564265813928545,-0.2504175179523259,-0.8095511716355086,-0.6424648306615448,0.0353792762653157,0.6750113648777977,-2.0074506764838627,-1.984161264813425,-2.3015397050938424,1.0
2.1687949535878976,2.395020149335987,0.7045819279434854,2.7841921190236705,-1.026711339051532,-0.6013103590718117,1.7075079510032043,2.0741558879009485,-1.0444810355263159,0.3572411484831388,2.066136685382816,-0.474033164456981,2.318215687193471,0.6308476606137078,-0.8633485415903387,1.0
1.9962220833296198,2.055368089254738,2.6726861443770518,0.598582443128145,0.5485076257972977,-2.75386669246615,-0.5751687950283012,-0.9733751337596134,-2.7002856500565047,-1.3829737414152057,2.066136685382816,2.1795349638215433,-0.34715029665162755,0.6308476606137078,-0.81008220220132,1.0
0.6956405592558785,-1.0295754456599684,-0.28514777270270364,0.602334616941931,-1.6180677908805456,1.2440051594953216,-2.4512646046073017,-1.1539932661209835,-1.4882115688519673,0.776766785315192,1.7509091526531617,1.0370139791080633,-0.8744378045742028,0.4814185791607288,0.36177726435709057,1.0
-0.021127348705176338,-0.0044997302559405886,1.752693463469383,0.2710387702407255,0.5672012487040131,0.4801503751433473,0.045814386013239186,0.23806129863362632,-0.056650952290390605,-0.7301743131811873,0.7182335830995208,-0.8745900832595747,-1.031988785663105,-1.984161264813425,-1.4492782748695439,1.0
-0.57963191017205,0.46008007381465965,0.039322066101993555,1.0577772191237211,0.1001701225388507,0.70571675045728,0.8471217916929553,0.1449329253108578,-1.2409597524572855,0.4033641834741962,0.714031890520949,-0.20991034746436613,-0.22524835426460893,0.6308476606137078,-1.0764138991464134,1.0
1.039630000202733,1.5389095063157168,-1.0337550514825247,1.9290104644011332,1.454343108456965,-0.9077178657676788,0.5082066984505135,-2.213393887193807,0.5102092589715489,-1.539280201504344,2.066136685382816,-0.369477062326941,-0.9139224356590662,0.6308476606137078,-1.2362129173134693,1.0
-0.14264627670287083,-0.13757581570996993,0.5316990941332557,0.5841097358721783,0.7990326274066111,0.3680505534020313,-1.0344459965858528,0.4897937085221099,-2.0363452792139336,-0.2191296218818916,0.4754294688814795,-1.0808895588422187,-0.24529915054160106,0.6308476606137078,-0.7568158628123013,1.0
2.2595820347306277,2.395020149335987,-0.5504742590197712,1.7443275995174914,-0.6034118278555571,-0.34602040279295443,-1.2167447272612084,-1.2329266725318098,-0.7128255707542448,-0.6644371546382748,2.066136685382816,2.1795349638215433,-0.9422412254429611,0.6308476606137078,-0.650283184034264,1.0
0.3717154842373063,-0.8591953968409215,0.8810284072183068,-0.7215596505805661,1.3002242196522888,0.2786394350906934,-0.20574166476281813,-0.14158305450010297,-1.8189486401969117,-0.4745031698315546,0.8277957124822035,-0.44791930919015366,-0.7586266902412724,0.6308476606137078,0.4683099431351279,1.0
1.4503651826113009,-0.08552009831653214,-1.0624276015426286,-0.725530933459663,-0.1764100776543596,-0.18384357659267483,-0.6110345825957093,-0.043243539731483954,-0.7637464415998537,-1.0732028654993429,2.066136685382816,0.4403770756910143,-0.562085515019706,0.6308476606137078,-0.011087111366040044,1.0
1.6590709905694443,0.10920301225242417,1.9302495893418277,1.0568713257600202,-0.8357859642037703,0.09622550947887899,-0.8291147044743897,-0.7855247990182741,-1.7284268100174822,-2.5651788947171075,0.8692063480019072,-1.0953120491664396,-0.40808469986881263,-1.0128722353690613,0.2552445855790533,1.0
-0.7371645309989129,0.35252155898252896,-1.6069541845152029,0.3619461227595555,1.6947797637696689,1.6028816698158166,-0.23249729572439698,0.5677749501791718,0.8434022503938562,-1.7830375006566055,2.066136685382816,1.6933566738890795,0.3758545253451773,0.6308476606137078,0.5748426219131653,1.0
1.3034937567140255,-0.989124026585154,1.5590170652380848,-1.2054088107536707,-0.3580806301320585,-2.0727656183268106,0.48985423268228734,-0.017466672056906735,-0.309514473473805,-0.35142239781517115,1.143221340601478,-0.5625406304472019,1.2717812112342053,0.6308476606137078,0.5748426219131653,0.0
0.7014017303987146,0.20592356341330909,-1.8826475182567401,-1.3498215685098125,-0.49763953565732444,0.13300370396021163,-0.29970134963633127,-1.5775664078586633,-0.9793248137528648,0.14101736536608778,2.066136685382816,-1.3839444981227884,1.4304176180802783,0.6308476606137078,-0.5437505052562267,1.0
1.1311092523558304,-0.6861136253771066,-0.05496764120317116,0.71951576903976,0.0736444305473053,0.7193364057425414,1.503661588849751,-2.180479106925785,1.1130637624630795,-0.7611843743909558,2.066136685382816,2.1795349638215433,-0.5186888998277597,0.6308476606137078,-1.2362129173134693,1.0
0.8817758333551869,1.0039103635999782,1.1394433890474964,1.372719821748761,-1.3015934915823528,-1.1056335747427977,-0.6594378501557113,-1.8282173885269477,1.4971561710244081,0.5486765179099435,2.066136685382816,2.1795349638215433,0.7212356813537318,0.6308476606137078,-0.7568158628123013,1.0
-0.5589653105147124,0.15482808320700112,0.667607355913503,-1.5990750213973852,-0.6558098553587673,1.2441444149975396,-0.06419978751598047,-0.7644141050460603,-0.09573936537162549,1.6326199731235578,-0.20094975606580376,-1.1845656009191396,0.14693145465781285,-0.11629774665118728,0.2019782461900346,0.0
-0.6105032520473788,1.5667195264269467,-0.00799962028901946,2.2784262216825133,1.9316556099523687,0.4814478950112158,0.7895748499893206,0.5648126520101033,1.5491490657612588,-0.3186421604435483,-0.16213575105577455,-0.15433468836236594,1.154332546155045,-0.2657268281041663,-0.0643534507550587,0.0
-0.2932602489801256,0.9192891344631856,0.7442990691272602,0.38948297321959185,-1.4989229965269646,1.3200118957541056,0.37443006271296614,-0.23862001438340252,0.8858139802951814,-0.893679949837239,-0.49418149759995067,-0.639147571723885,0.025511170016806868,-1.984161264813425,-1.2362129173134693,0.0
0.0804973154569731,-0.3552696214681454,0.7955385713155708,0.18593175138796358,-0.4376449096522956,-0.30002513927903535,0.46665412983627363,1.1628492610924601,-1.5220359205256229,0.7071580547841556,-0.6256626547769775,-0.11117017466891575,-0.20696870031738954,0.6308476606137078,1.4271040521374638,0.0
-0.09325579640320524,0.12608087100777912,-0.001928928178459306,-1.100689945980181,0.194029357994441,0.5080318159741998,-0.7404707609940947,-0.1390611624114825,0.720368389670598,-0.6581723445520593,-0.1180396053846803,0.5839135685515243,1.5248587122570538,0.6308476606137078,1.58690307030452,0.0
-0.5161882774586979,-0.5433893155527584,-0.2979886231181634,-0.503195791612409,1.7040657356702942,1.127027736645834,0.9777081730459221,-0.4427038440159325,0.1704593040638047,0.11771415065052389,-0.07020273765097038,-0.2922507453886736,-0.19480973762678716,0.6308476606137078,1.2140386945813892,0.0
0.4243502349431914,-0.7577965492990727,-0.24988655176419577,1.329357750004749,0.04016768130004604,0.7646558091216606,-0.42401230030217607,0.553507862151609,0.14417301230444102,0.09500136999289106,-0.24137809967040924,0.797850825625992,0.43855933827309057,0.6308476606137078,0.6813753006912026,0.0
-1.2569206866510934,-2.420634601831195,-1.4781865507452223,-0.8826536341856241,-0.558479922252515,1.155949510943642,0.2110083617496512,-0.011257530656446213,1.0242121100988557,-1.471892475203347,-0.6600329875954859,-2.3971730099108157,1.7339606639078733,-0.5645849910101243,0.41504360374610927,0.0
-0.7296111180870342,-0.9229449684361792,-0.4978321074110932,0.2508289736281777,-0.5487503477971192,0.32704318394970444,-0.7338844869148732,-0.6597683623112639,0.627434673029309,-0.4041830067058599,-0.3555908799004372,0.22109109172673022,0.5563086602421984,0.6308476606137078,0.7879079794692398,0.0
-0.49641659406980254,-0.6346917706690365,-0.9452410928365251,1.205586954668816,-0.09079211914545132,-1.5190461737160776,0.9435307370684005,-0.14509296091894375,-0.18296932335588187,0.981569147918227,-0.27256367393005887,-0.1766787600695256,-0.38818608324570214,0.6308476606137078,0.14871190680101595,0.0
0.06210532561681749,0.3990078254142472,-0.28983580593732783,-0.17492594210793808,0.27197749985755415,1.789087781807133,-1.3233630920661108,0.4630757637290221,-0.2480024433652248,-0.7454447331401571,-0.535878463550579,-0.7637452183868203,0.0033714813064168684,0.4814185791607288,0.7346416400802213,0.0
-0.5187184932361963,-0.4441541442367188,-0.1335711047177071,1.0658103706124464,-0.896598024980005,0.6393470287839182,-2.4512646046073017,-0.029023350729735057,0.847678671046965,-1.5637056908222804,-0.09224886382068716,1.6807050180353877,-0.29961227348472835,0.6308476606137078,1.3738377127484451,0.0
-0.24200825029401282,0.25541352691637065,-0.930854034037768,-0.8013747442489689,0.5011801593437146,0.7829673698032402,0.16188279138380832,0.07382700559230398,0.5513241348825748,-0.0512812659716756,0.016600230501309328,-0.7738696741674329,0.3763388229767891,0.6308476606137078,1.1075060158033518,0.0
-0.6253201583439508,-0.08908910920685881,0.7852012691689155,-0.4538667532293763,-0.9444840739987789,0.1515062319229264,0.018203258739118322,-0.16728878056713847,0.5976671651158824,1.7881877835273339,-0.34327065020396796,0.19712815226956185,-0.061002314096249136,0.6308476606137078,0.9477069976362958,0.0
-0.2971894091012866,1.28629520918641,-1.0152687783847403,-1.1083315046453788,1.3479073698378912,0.9852801615471535,1.2001830108985398,-1.415091332165271,0.20961625173427836,1.269607091982197,0.3100728094531255,1.4223939614237695,1.7062713241140004,0.6308476606137078,0.8944406582472773,0.0
-0.2533301079328552,0.1627135332255704,1.0133121981992312,1.2380508683650702,-0.7129029589952491,1.3885182582341407,-0.039349824824103014,-0.09052954515158307,-0.0024009910030508073,1.8740214175156014,-0.4824935385256424,-0.40864260301070343,1.1272673427049145,0.6308476606137078,1.3205713733594264,0.0
-0.37702725614093463,0.47694645221051496,-1.8238736028861793,0.6068111115343715,-0.11042256292640325,0.7722140235833341,0.704850645918016,-0.523343579852487,-1.5676565528328106,-0.9354215395180223,-0.37716792588525755,-0.14132461195135076,0.1435013644696235,0.6308476606137078,1.0542396764143331,0.0
0.4983095259573225,-0.1276132032358949,0.3216518575994168,-0.7623361443443218,-0.5326961675785991,-0.5536398481625121,1.7343283854507483,0.9267159501413127,0.7896637253636425,0.91232993582269,-0.1940136799975431,2.0235428672073943,0.09647695997821255,0.6308476606137078,0.7879079794692398,0.0
0.7924396508415112,-1.7609087874606542,-0.20120501109251135,-0.9000494272114005,0.1804162473132195,-0.8467980250441116,-0.5147124808059317,0.9625857232280842,-1.5548248286603408,-0.13595012227085343,0.11713683388390979,-0.04857471410681576,-0.17914776969909846,0.6308476606137078,1.3205713733594264,0.0
0.38745466075967916,-0.5860564557218295,-0.030712030308539053,0.10970880036800934,-1.0464534033664508,-0.7560217519407328,-0.8264982965999443,-0.6188592646345903,-0.3705018932361943,-0.12135569224670148,-0.49954125129245164,0.23466962335425992,0.4171760161031825,0.6308476606137078,1.0542396764143331,0.0
-0.2862875246771487,1.4835454700961144,-0.2699199346491803,0.15388045384140378,-0.17743240944825311,0.8271762855165504,-0.7287939122931038,2.569445028415477,-1.363274891525506,-0.47514772975149766,0.2538804797928784,-0.3504360072917071,1.1935615920736176,0.6308476606137078,0.4683099431351279,0.0
-0.36618445345905226,-1.094555817617141,-0.15799170771827337,-0.797720621545029,0.5121051609882727,-0.11220383197411914,0.24483195169689892,-1.09760409364001,0.3827311637227844,0.06427526724897498,-0.6225176592814984,0.44683433585244137,-0.06869610345832565,0.6308476606137078,0.9477069976362958,0.0
0.03825374720426607,-0.6842936478429432,0.19201432449152725,0.2511867600639728,1.0476623751999998,1.851362526032815,0.2496556155296552,-0.20460150258452478,0.3536216102824338,0.5864397459753117,0.8198279434011525,1.6159737326396884,0.8757307779248269,0.6308476606137078,0.4683099431351279,0.0
-1.4962585603415683,0.4502559947774909,-0.635685479841311,-0.06466258428084139,0.8249039015472198,-1.9668322635178634,1.4109307338155799,0.13667013596784683,-1.9194114814203098,1.4416592246400566,-0.7796485587856872,-1.2211094066211927,-0.04621589838512265,-1.984161264813425,-0.17088612953309604,0.0
-0.43619274144466363,0.8868337153249737,-0.8740792396813825,-1.349902770149199,-0.09707877795468377,-0.8657497522204748,-0.3989714395761367,1.114036397678156,0.511785505468347,-0.7454824478301995,-0.4196890855620712,-0.4693482706004492,0.11021519684213638,0.6308476606137078,1.3205713733594264,0.0
-0.24705901137295244,-0.5060983620748855,-0.49776889606095337,-0.3190187731744719,-0.81175752222418,-0.9007906219795772,1.2924828261067154,-0.9598629271338917,0.16670386047098693,-0.8201708702556186,0.1410123208160974,-0.9070275570739315,-1.0697858366087705,0.6308476606137078,0.2019782461900346,0.0
1.355008270376382,0.2878948549532777,0.3091354614267585,0.09809072823267515,-0.1579240723449342,-0.417584731269782,-0.9019458043038991,-0.5100810609996171,0.47877473407390464,0.194640672675984,-0.048540980751245626,-0.1974837705043817,-0.5889805634880626,0.6308476606137078,-1.2362129173134693,1.0
2.2595820347306277,1.4274657597570206,-0.8720955164827845,-0.626573656232222,0.14512388013639574,0.13561856828248217,-0.5847147887160266,-0.6388509754881013,-1.0066625013704222,-0.3906283509321926,1.2303799878073285,-0.3278858813257797,1.2255270832431622,0.6308476606137078,-1.0231475597573947,1.0
-0.7984567757500187,-1.268547103698964,-0.66198306012052,0.8554128534726843,-1.8693786418744422,-0.6001951221859134,-0.11359597258676506,0.7421700277459929,-0.07737793049227433,-1.5124763263531873,0.4784341387266605,0.6335625112943326,2.072741891883705,-0.2657268281041663,0.2552445855790533,0.0
-0.4482615840562774,-0.020511427778863053,1.3074196770081055,1.166145467871794,0.9956442092283182,0.7359521092753686,0.5348646798687292,-0.17876032353287455,-1.3268027651549872,-1.9961254758572529,-0.5055043761409737,-0.9973282675775715,0.8565211710620788,0.4814185791607288,0.9477069976362958,0.0
-0.22848158275160263,0.15054233564141875,-0.7043421973426975,1.9170775445309192,-0.2930986215030149,-0.39798927619877994,0.02559522832136276,-0.6002657288764746,0.8521897226256494,-0.6289437593910081,0.08349013390441803,-0.10755906930518637,1.8376013553888797,0.6308476606137078,1.0542396764143331,0.0
-0.1912387326080697,0.6362567921903699,-0.32715461713629446,1.0900402245609124,-0.5484325994868994,0.7201302430317258,0.3763239290952196,0.3868616123070175,-0.1836281767792022,-0.40456298318083345,-0.11236359393478428,0.10782993412935742,-0.5225586488631421,0.6308476606137078,1.1075060158033518,0.0
-0.26350146272502484,0.10415600416339635,-0.30908528759956455,-1.2310759157148319,-0.8096426524368386,-0.13779911239450318,0.6951509306475064,0.1367188957966441,0.7938195881544886,-0.6582266887564475,0.15591927440585462,0.26478275109795646,0.23625939396971854,0.6308476606137078,-1.0231475597573947,0.0
2.2595820347306277,1.0704774763946225,-0.5499501646228304,0.24147408609297133,0.7267746817397489,0.06575689319970232,-1.193099888313988,0.3711164193827349,-0.5849277878423514,0.34821814131891576,-0.13765186852063702,0.5062312130070563,-0.28505694045726504,0.6308476606137078,1.0009733370253144,0.0
-0.5318985354505018,-0.049039658913976984,0.1972907110667439,-0.5690954864592793,-0.3115751038825533,1.0597120441398358,0.26563881393944444,-0.9475823216592412,0.5515774962692575,-0.4468373625570219,-1.1217741532175132,-1.944213782607726,-0.9188305305913527,-1.984161264813425,-0.490484165867208,0.0
-0.36161049038981447,-0.7105264300742966,-1.481099965635955,0.6728140770794844,1.2329891991436845,-0.8396366495732783,-0.624403450019182,0.8558802280864631,-1.3590802541212064,1.145632683173901,1.0926700097482491,1.3561918221586506,-0.597023128094709,0.6308476606137078,0.14871190680101595,0.0
-0.6073942749567816,-0.18895955098779893,-0.4312512355260102,-0.08377302643390039,-0.3223919481809301,0.2710505877394243,-0.1697223742239729,0.1730316732889525,-0.7291253033491707,-0.021421288421703624,0.2651155342358595,-0.34549442450278267,-0.27300843452480233,0.6308476606137078,0.09544556741199728,0.0
0.6188937768739264,-0.11168789133584259,0.18227491230452142,-0.6669356852879255,0.8436830846447224,-0.6188732794212973,0.2795051670631205,1.0285098355361462,0.5223752098814981,0.28479643880317557,-0.5526781602654915,1.868680983324982,-0.3729320996359411,0.6308476606137078,0.8944406582472773,0.0
-0.0972712072603172,-0.08786998829780132,-0.573993822075651,0.853562612228214,2.089459779572601,-0.927895057354494,-1.6799069704400316,-0.3798996070295273,-1.5336925341571288,-0.035863283718116826,1.191790717212352,0.7180078423374291,1.0197430108336347,0.6308476606137078,0.6813753006912026,0.0
-0.6679309800526018,-1.4976529966792052,0.23973601266496702,-0.7169832366929286,0.11680574570222263,-0.6910759305120662,-1.2781704138635275,0.7155084570994142,0.13514071960848575,0.01157134264754882,1.2785355246199428,0.5238580852328266,-0.48066153943331574,0.6308476606137078,0.7879079794692398,0.0
-0.1319402697961728,0.6663121860552821,1.0320548340509201,0.09433607627185574,0.5873756769856068,-0.08710342227753552,-0.805733172571522,0.3130744984667452,1.0095695341935267,-9.684069958882504e-06,-0.11957825902622743,-1.1939145513896054,-0.24307330723034967,0.6308476606137078,0.7346416400802213,0.0
0.3565396456003058,0.38452733889350693,-1.314564155553425,0.013384725694293527,0.7251442453661716,-1.4343734318403172,-0.434970666975676,0.0958023111769635,-0.03391149609595409,-1.094570614139063,0.08800694864255512,-0.10641408245115463,0.7891573246867567,0.6308476606137078,1.267305033970408,0.0
-0.6872398392673988,-0.045757833239336375,1.0029482559566127,-0.31868892363611634,0.5122104180260056,-2.75386669246615,-2.4512646046073017,-0.8642849005797172,1.67023704921795,2.520026987844652,0.4035741775475265,-0.26927424578600234,2.318215687193471,0.6308476606137078,2.013033785416669,0.0
2.2595820347306277,-1.6937789368874658,-0.36994352252705975,0.35647192532549704,1.5463947642076405,-0.7413380466276189,-0.15512726170223817,-1.4969729580551487,0.7868391855824115,0.17157484148821123,0.05013673381722014,2.1795349638215433,1.1090866472743104,0.6308476606137078,-0.7035495234232827,0.0
-0.8348248333480768,-0.39636427438742694,-1.4053688372274602,-1.2789510340305548,1.1055977424956458,1.6692736750509742,1.755992821644804,-0.3238914097517095,-1.6370043302419401,-0.29246370335417304,-0.5315426643325326,0.09271557123922214,-0.5911025025853397,-1.984161264813425,-0.969881220368376,0.0
-0.3824334580919678,-0.29941488390123927,-0.6761947513588036,1.2796056576641617,-0.13260381307166308,1.9325252733063183,2.1183072592710963,-2.5498495574174047,-0.09596210133849717,0.7465566525827932,-0.02411933138961233,0.2886190953579769,0.8436251845166438,0.6308476606137078,1.5336367309155012,0.0
-0.7763087116814182,0.45808721192952434,0.002084852084563142,-0.2580299086045915,-0.33317957511244445,0.7062647694303704,0.8278309170122394,0.8022664652253669,0.520818085553978,0.3286844400899469,-0.9040908525756236,-0.9665683018841119,-1.464813961522438,0.4814185791607288,-0.7035495234232827,0.0
-0.6758721465582145,-0.25328759699818537,-0.8548305399127492,0.36371386057205474,-0.0684291972470735,0.012874940047925965,-0.6889494220267369,0.62317562609725,-0.24998779828730527,0.6750410553638039,-0.344267616343873,-0.5699594499032001,-0.7944564633094249,0.33198949770774977,0.6813753006912026,0.0
-0.5079204143666967,0.799985151092608,0.48466440963150387,-0.8464875888975943,-0.6802986480160271,0.1415538893570436,1.1465256709870633,0.4501096993907786,-0.8055326297690609,0.4408235245110117,0.2673920421968049,0.03981793665781251,-0.1748431428972536,0.6308476606137078,0.7879079794692398,0.0
1.122364424309231,0.42767886529708216,-0.703303669854066,-1.3614495062177843,1.0031860585210872,-1.5363580563079717,-0.5038653361202394,-0.5155290930644001,-1.0171294961918982,0.08110098777703963,-0.44125850816956086,-0.9147017826391195,0.5478294514909687,0.6308476606137078,0.9477069976362958,0.0
0.2489767496419376,-1.327519863881958,-0.5016896355193109,-0.0014309464397252638,0.4627269216729045,0.2802808765223153,0.45110297992123216,0.3933621848576791,1.8961204458246605,-1.2296158571193125,0.19298346274520684,-0.39730496809585086,-0.00868011166384272,0.6308476606137078,0.8944406582472773,0.0
1.761457709654492,-0.11848838187110326,0.542498960251041,-1.7573535463935765,-0.023019240183922433,1.280090699852675,-0.7317916222733875,-0.38215203151402305,-0.4919998586342226,0.4033282669493247,-0.47036720802677856,-0.6943794388536635,0.3613663123172458,0.6308476606137078,0.6281089613021839,0.0
-0.4639815445879111,-0.6196011544408784,0.40414113586806366,1.0096776812803971,-0.3206433436945253,-0.18051885506677584,0.018468970208866366,-1.0447502710223615,0.2920815442431742,-0.4874393863428737,0.5941872341455569,-0.7032533901819102,0.4070108304257249,0.6308476606137078,0.36177726435709057,0.0
-0.16215759542912164,-2.420634601831195,1.7525124556645784,-0.8866246321177468,0.07572183212949526,-0.5225925608645432,-2.2405299989296794,-0.8399855065653492,-1.468933993695331,-0.36507819025905314,1.0562809375305868,2.1795349638215433,-0.2868221620274117,0.6308476606137078,0.5215762825241466,0.0
-0.22734262426702567,0.13038868747701757,-0.5063481472349178,1.0227244739098793,1.979885023423553,-0.770574425025858,0.4975500132894582,0.4836718977668595,-0.051597421588730465,-0.42022144202245193,-0.21786478936623122,-0.1312455419576297,0.8118077510350141,0.6308476606137078,0.8411743188582586,0.0
-0.11480734832722189,0.1351788234456365,-1.3292180294295015,0.011134933060513115,-1.0819658811619186,-1.1971540071133955,0.29817392331330633,2.068297340471134,-0.21213814177914161,-0.36462744748243053,0.5924562197682951,-0.21004937698404513,-0.3365338663422524,0.6308476606137078,-0.0643534507550587,0.0
-0.1488460148718017,0.4992099059850158,2.6726861443770518,-1.4455670754286534,-0.6173241768418871,-0.5073712524769775,0.593503986372898,-0.5870298413107916,0.7337674105431942,-1.8485345774603643,1.8443064101786775,2.165823264320108,0.7024160925218969,0.6308476606137078,0.09544556741199728,0.0
-1.555630648370766,0.9320871925489563,-1.9173650123514248,-0.49435550571001174,0.1638653521648544,-1.0638180367691508,-0.2560537320725003,1.6603761216084905,0.4559948734094455,-0.423531808788385,-0.805641302727087,0.8974339876285373,-0.9061032054901647,-1.984161264813425,-1.7156099718146371,0.0
1.332685522056634,-0.46663010127519805,-1.899736255040791,-0.16999740591345555,-0.7888962435757917,0.7636879821562012,-1.0757496791585144,1.5713404030419615,0.12006098909240731,-0.5114510241266932,0.4402946987242705,0.5835853382497233,0.27788329403817413,0.6308476606137078,0.41504360374610927,0.0
-0.7620114623227032,0.9885361324547368,-0.46366830653349494,-0.4507059046151719,0.45563176689871354,0.3258185746249863,-0.002989859791061109,-0.38654831439090986,1.1165858750599476,-1.1295148468815677,-0.33429824596053936,-1.1535345074508363,-0.6140961142131591,0.6308476606137078,0.6281089613021839,0.0
2.2595820347306277,-0.9997142723160862,1.364442919010414,0.5788410946531094,-0.02059495795704198,0.40526830388096524,-1.0998963304014562,1.051797091677602,0.354052718837736,-1.5012227155910753,-0.5754262261076931,0.37663452520655416,0.19609633029646673,-1.984161264813425,-1.2362129173134693,0.0
-1.003512520002287,0.293379814206638,0.018040088927191663,-1.1386829197228976,-0.8205355613386487,-0.6012756507092333,-0.231568004103858,0.4456681678166921,0.22773361153205823,1.525954405608413,-0.5456904405235211,-1.3190418341901475,-1.2405628964173037,-0.4151559095571453,-0.22415246892211468,0.0
0.2425608091100155,-0.1534645398317733,0.9870780703353986,0.8542559729094495,2.3668816797841834,0.5426590212530562,-1.6320840631072526,0.4364789767847529,0.2627659699067108,0.3981570239907433,-0.22793846341737414,-0.680907519761181,0.37216861754194286,0.6308476606137078,1.3205713733594264,0.0
-0.7190587974907591,-0.7308632883035364,-0.022995487781276514,-0.14636356065666717,-0.7935257689840449,0.060672934710345384,-0.17550213032658823,-0.5381403815470159,0.029840805010896594,0.2943664718929223,-0.2613324726145239,-0.12236366977199138,1.250008388419168,0.6308476606137078,-1.0231475597573947,0.0
0.23196261637879764,0.10007833742172431,1.6508193747383848,0.23425372600902547,0.31721978849350446,-0.7982587933179582,1.5086617244336749,-0.45827575295142203,0.5371923086664878,0.41166261432715145,-0.2843307755402859,-0.2166408381709279,0.7805286500309073,-0.4151559095571453,0.8411743188582586,0.0
-1.1548650417653878,0.8377279640669261,1.0706517330315148,0.08847231935363788,-0.42444508413587556,0.8099848082941488,1.2554007818624147,-0.6506698567049141,0.18660754253330605,1.2622724542932373,-0.16857444131233915,1.11168602802462,-1.8679412013533123,-1.984161264813425,-1.7156099718146371,0.0
-0.9546726618718531,2.0828316874170905,0.07009570052416497,0.050101881903192896,-0.2982992664878359,0.031235716765682937,-0.1175840421922712,-0.968530613176105,-1.3556396847331067,-0.25313724041193175,-0.6264400646671673,-0.0734947064901666,-0.8477476998950508,-1.984161264813425,-0.650283184034264,0.0
0.3320474920846003,-0.29641967579386275,-0.4795803056172942,0.5127883182603565,-0.6812643358076768,-2.228535043044445,0.4305737908994389,-0.753328292326355,0.5084858575708329,1.1387640411911168,-0.47186239158929405,-0.9423022570610288,0.10015608569926085,-1.984161264813425,-1.5558109536475813,0.0
-0.8624465425256939,0.1279084377279762,-1.4177015129280293,2.341320695907509,-0.18412612275889736,-0.6901921824064164,-0.3581946108358237,0.7689266765191463,-1.425151208268417,-0.6705791216077152,-1.5282277781770637,-0.5191359819445471,-1.8323296969585487,-0.4151559095571453,0.36177726435709057,0.0
-0.39093520656412517,0.3545897369224295,1.5851771065609332,-0.25669610171913315,-1.2925853224339514,1.2156584691349668,-0.8955090455521281,0.6232096906795377,-1.3995124514913844,0.5542439254319401,0.9048263821380321,-0.5152910468139759,1.6370581158315916,0.6308476606137078,0.7879079794692398,0.0
-0.6663696610273282,-0.6509386919453741,0.125228904993314,-1.0057722180748667,-1.097709600881684,1.8880265071508233,2.1016832219325066,-1.8806906899130282,-0.3442818589530907,-1.5134906422231584,-0.14176090447010478,0.5379429400934547,-0.3751366635461937,0.6308476606137078,1.9597674460276504,0.0
-0.568162996256084,0.6022700549876039,1.1865715800902543,0.14287009185298857,0.7129537466505435,-1.3390144795259533,-0.29485650025722454,0.8305340036602077,0.5105349332089292,0.262379488776071,-1.0879165418612808,-0.7916746998191759,-0.8567943385366967,0.4814185791607288,1.6401694096935384,0.0
-0.6445764287246437,-0.503036550028788,0.565635401345974,0.3778133329031359,-0.6661575999439461,-0.10595955979918517,-0.42949128596472796,-1.4061242889731405,-0.46264821000425216,-0.06364080785014697,-0.6590830876387059,-0.16601482191120936,-1.0147362458404612,0.6308476606137078,1.267305033970408,0.0
-0.48166426344847746,1.7404543254500313,-0.5269907108886358,-1.3717313900594197,-0.5277242273706796,-0.41441449159880495,-0.2899828583938767,-0.7584182155836632,0.38823759190892254,0.20516683487784723,1.8572309845680492,0.44922781781579446,-0.5505711054584759,0.6308476606137078,-1.1296802385354319,1.0
-0.8512301845262837,-1.4850292290127431,1.6323263312385552,0.9734882718513354,2.018053377472669,0.19507458553130239,0.5402264453199959,-1.4222506125458456,0.681113375201202,1.398574670702003,-0.33627118653591226,-0.04926401342004449,0.1546757511032691,-0.4151559095571453,-0.7035495234232827,0.0
-0.36957381434081416,0.8458051490196998,-0.036507035293613134,0.43931067935702856,-0.6571503589036822,0.3560087051859854,-0.09006097287068915,0.8065263566942392,0.679956332554844,-0.8787592153342747,-0.8516677842693411,-0.32018935985273195,-0.384207517615291,-1.984161264813425,-2.088474347537768,0.0
-0.28744132800850547,-0.3625167016634516,-0.7639139126136868,-0.46169593255016356,-0.014952837355333058,-1.0559846468004224,0.917366424442273,-0.7246525129292213,0.23294550099604075,-1.313650275079136,0.6151645945126966,-0.1377077605842495,0.2735255311146966,0.6308476606137078,0.5215762825241466,0.0
-1.087288018036005,0.7242888500298568,0.988576530953975,-0.32604692939360974,-0.9096904249020055,1.0815135193732206,0.8423759492656632,1.3859656084006,-0.36636646336113965,1.8803436748342897,-0.518933967937067,-1.164440200420877,0.7240183377943508,0.18256041625477076,0.8944406582472773,0.0
-0.6144134469054896,-1.6751673778259264,0.4936044055291159,0.14413413886433651,0.4675119427834573,-0.7262277459678314,-0.09600140412814279,-1.0480552020755238,-2.016556930368084,-0.4508486634043245,-0.3744878926122083,-1.1640705543051306,-0.840851649834457,0.6308476606137078,2.172832803583725,0.0
-0.5866721237155126,-0.773024118283596,1.0310074813357761,-1.4880533742326765,0.1484683405171752,-1.1454318587866303,1.384915246891494,1.2416017366089336,-0.2422178974778425,0.6608856757436445,-0.08067024310618445,-1.0554569329104924,-1.9193243710631707,0.4814185791607288,1.1075060158033518,0.0
-0.39744978907979756,-0.7659001018011726,1.400949941814988,-0.527461086919168,-0.10409692738238663,-0.18130726830129237,0.17044610950171432,-0.1867628274795674,0.15445102089056748,-1.326693734409722,-0.9433894231773822,-0.19696814173142535,0.7980952148673516,0.6308476606137078,0.8944406582472773,0.0
-0.3299636708877747,-0.5492493227762175,0.15399361014578347,1.131928626660663,-0.8045128212706472,-0.6781166267120922,1.1516068247270885,-1.0106560256405244,-0.5513249392995044,-0.854699341246438,0.23006879144178238,-0.09196906388485039,-0.6464447987107109,0.6308476606137078,1.0542396764143331,0.0
-0.39829895145987204,1.5724918406756816,0.34223377829966084,0.7114536490136174,0.3611403980755645,0.30351560498974856,-0.18105639267314091,-0.1670437878663295,0.12014985813373127,0.08319255932536103,-1.727755692550236,-0.27093748771605547,-0.6025715966808531,0.6308476606137078,-1.1296802385354319,0.0
1.0093124509387492,-0.5821348175523374,1.1872521565594178,-0.04084863566252841,1.1137219388064374,-1.1154305464317964,0.40411034884527836,-0.21338409459413024,1.8371519268770355,0.5415286749855063,-0.09585609160336142,0.22591687864524487,-1.087028590901563,-1.984161264813425,-1.6623436324256187,0.0
-0.9005294720471367,0.7418827091234695,-0.13791352708790064,-1.1576692486748454,-0.5023271084279406,0.9184431923228726,-1.1046974435708894,0.22440006249232675,0.3260015744654538,1.0180184181651657,-0.3196089006977452,2.0135082952693795,0.35095654337392335,-1.984161264813425,-0.7035495234232827,0.0
-0.709558484362224,0.6047098715541115,2.354759129125042,-1.1330842103267205,-2.4113676953813776,2.7814668162113385,-0.3535838767336379,0.1555276434524333,1.2578577673344857,0.4405696144553328,-1.1338668897914252,-0.7826882062960093,-1.767508511304817,-1.984161264813425,-1.1296802385354319,0.0
-0.8113723003889086,0.14423203771799445,-0.4820878118095925,-1.008427334533068,-0.6928617431841531,-0.8860336754723223,2.420365140961018,-0.4223846595279416,1.2380830457930754,-1.8591007226631775,-1.8286509245221585,-1.1838778398773382,-0.26249518704839525,-1.984161264813425,-2.3548060444828613,0.0
0.21190943517395222,-1.5848543848315464,-0.893613903101915,-0.32216911626517813,-0.30949498339493864,-0.9975189863447763,-1.1202355628876786,1.2227223936342653,0.8400522611888835,-1.2782944000165697,-1.0585739067805247,-0.2695880441647886,-2.380203051343256,-1.984161264813425,-0.9166148809793573,0.0
-0.7418871333719159,-0.0982714452443256,0.6395810539437582,-0.1960803575809449,0.8400434891022179,0.21429110419800967,-1.6845673149842382,2.4189986241291694,0.06203464927967377,-0.1811638116129798,-0.4462083040360657,1.295735533848672,-0.8010468631168485,-1.984161264813425,-1.8221426505926746,0.0
-0.6379913818447631,-0.5864177532445786,-1.1057424228507555,0.14053997185610406,0.1865115706207741,-0.5299024181526799,-0.42547549332629275,0.5520482177851116,0.2714665968199753,-0.9857859705087226,-0.4816347198520821,-0.349222691344131,0.692962136467325,0.6308476606137078,1.5336367309155012,0.0
-0.4517412847255875,-0.7733715927735175,-0.27975661630067444,-0.9552280028011026,0.8258638157257282,0.08745794123681147,-1.3206686854553689,-0.27240660531808175,-0.16497706411483928,-0.8594488012471484,0.8032360279025964,0.5083619618561173,0.043977411154849405,0.6308476606137078,-0.011087111366040044,0.0
-1.387710651986021,0.0028708919875324564,-0.22623849527158316,0.686913320713568,0.5750381640970983,-0.47659914421385957,-0.7077134511787168,0.22774567705447804,-0.3445520913956681,-0.20739719528112513,-1.9859201721743014,-0.5925260105597957,-0.3997780881226297,0.6308476606137078,0.6813753006912026,0.0
-0.41432323975525553,-0.4384778100531833,0.13277779832826883,0.12599146659125465,1.7163848620667501,1.9887041238667387,-1.4232788831170993,0.8100383262681459,-1.653801513536543,1.5392686743282904,-0.4029938788858774,-0.3992687290919482,0.7984612446494856,0.6308476606137078,1.3738377127484451,0.0
-0.46780333085639597,1.2039040425072283,-0.6190572205681525,0.5548718456451597,-0.6900444880970554,0.12789013721873835,-1.2011151721356057,-0.03641090580834424,1.3754262019836438,-1.1155090916972807,-0.3483876180874753,0.339331107864162,-1.0916700790925262,-0.11629774665118728,-0.011087111366040044,0.0
-0.8560276725078896,1.5420977011290953,-0.21691917655209741,0.3798822151315165,-0.31205801047795545,-0.6333393040566799,1.413855381120861,0.4715023719446151,-0.219790495042859,-0.171117151545072,-0.17386644757456376,-0.2140809682010173,-0.7523296666323263,0.03313133480179174,0.14871190680101595,0.0
-0.18762043325319744,-0.07199399185975108,-0.26874870523786826,-0.5767562908618962,-1.4933059794379973,-1.087840063450483,0.61422125861048,0.9049756084796569,0.7553389624942395,-0.12341765834326887,-0.9333537201709144,-0.03958942171862472,-0.8422581455265016,0.6308476606137078,0.8411743188582586,0.0
1.780433534136596,-0.19129214284153953,-0.13764266525484467,-1.9848930929064639,0.48219239464262176,0.17199143475126047,0.41165783951567136,0.6740980252777835,-0.6708573214712782,0.4324915592912566,-0.5391304092528812,-0.500682461978457,0.2738164571086131,0.6308476606137078,-0.17088612953309604,0.0
1.1606630201056687,0.589149617648294,0.7555284959741069,-0.8743896754017598,-0.752115927720169,-1.829730717768793,-0.8474398192238012,0.7753729405255144,-0.5665295427885165,0.15522745836080742,0.28643712001068145,0.2893504201516252,-0.7591019316447046,0.6308476606137078,0.7879079794692398,0.0
-0.6059889455403729,0.09380937157750802,-1.016794571865769,-1.1189723935377716,0.45498167715230325,0.031414923488910076,0.39832239126968944,-1.2089188692890844,0.6804088383072872,-0.7825377304748504,-0.5797414277854492,-0.6212261605852026,0.5877554326017334,0.6308476606137078,1.4271040521374638,0.0
0.8694455692538096,0.4157519616424195,0.23103207769152345,1.4154592167657671,-1.707146180936097,-0.5206534860590282,0.455868834149019,0.8272302683618782,-2.0445998938051195,0.7555277074039954,-0.7400924194175306,0.14196900455338152,0.12381549127925204,0.33198949770774977,0.8944406582472773,0.0
1.8405406501197166,0.16023684767635168,0.9715280848895637,0.21806857227240983,-0.036654827979274905,-0.14789817926971977,0.1713283541815328,-0.6217845780561849,-0.4647379818638367,1.6433649183207837,-1.2551107501512437,-0.4718230125815969,-0.31720971178798846,-1.984161264813425,-0.969881220368376,0.0
1.0619753055396566,-0.7231819018683266,-1.3128555693505486,-0.3378659078849318,-0.8432419602269378,0.5477889082918977,-0.7287204511913233,2.569445028415477,-0.3557115826693623,-0.4754557913789113,-0.5177865623886883,-0.6368006030829931,-1.0280032856129409,-0.7140140724631033,-1.289479256702488,0.0
-0.8747205589276791,0.6349077119129416,0.9373920627943665,1.3876924745634325,0.08569036882872684,0.8365782699038761,-0.26335042007942644,-0.7271069853428219,-0.08609650095961606,1.5655781851775463,-0.20628625373204793,-0.05279512393193494,-0.9558675576265216,-1.984161264813425,-1.3427455960915067,0.0
-1.2327062840871685,-0.11664439166047484,0.025772295839777165,0.6806106329849694,0.027500176466623782,-0.8515264673184115,-1.2753491971732986,-0.8701760132394664,-0.0661435904020986,0.211545727256652,-1.2692402453193001,-0.35010662929117814,1.1232143507371681,-0.2657268281041663,0.36177726435709057,0.0
-0.5201894771084041,0.21931673603298144,0.17208763766102342,-0.9600748516372978,1.8528542553519483,0.15025028643684632,-0.441512292784115,0.4570299344808439,0.8512581952670867,0.4802682805230857,1.1565581667816462,-0.6851304821182103,2.0080751558903644,0.6308476606137078,-0.3839514870891707,0.0
-1.2216054571167854,0.988720320430679,0.1523183916265092,0.09672545440899562,0.14351671591434642,0.9854915891762486,0.4274977086275398,-2.597296396747308,-0.15864170467445232,-0.15089503998146178,-2.2694419457066384,-0.49244724438269677,-1.5328320972934695,-1.984161264813425,-2.035208008148749,0.0
-0.740324957156115,1.52657809380795,-0.47941892268578656,-0.6398316535058499,1.941785659638701,-1.1026401248691033,-0.41130564378864726,-1.1235361070105088,0.15354377497200314,0.8959723902117698,-0.028238770350346682,-0.31685536372462825,-0.6769494480812455,-1.984161264813425,-1.6623436324256187,0.0
-0.7850960966629854,-1.9536812336786191,-0.6620132376104559,0.6594463160200701,-1.2017362634377529,0.7814757761392958,0.3784251173075765,0.18877642554666044,0.13185161894921463,0.14395951690833114,0.3703902172377024,0.00036647478393961476,1.2515568030453916,0.6308476606137078,-0.650283184034264,0.0
-0.4194092369784137,0.059827506296690126,-1.0470095034039943,-0.11633378467597721,0.24285322936250173,-1.016331425311842,-0.17980156038030823,-0.5561355607441296,0.28785262577209136,-0.742119375009901,-0.39635505843127405,-0.2302481642447417,-0.6182960243919834,0.6308476606137078,-0.5437505052562267,0.0
-0.5182013687129011,-2.420634601831195,1.3226066967778982,0.7058703187956402,0.04300786335098345,0.8690767472577483,0.7606922993004867,-0.38532305843589326,-0.17920211949415366,-0.5063175645089807,0.7269857978114862,-2.3971730099108157,-1.6175616551978607,-1.984161264813425,-1.5025446142585626,0.0
-2.0468461902854664,0.49894720294410094,-0.868984906199816,0.4284001408467725,0.5464470448975317,-0.12656157347683564,0.3646851077722918,-0.973354936864186,0.6088092669672884,0.16571560758773077,0.29107223905693397,0.9555055011818652,-1.8646486581664137,-1.984161264813425,-1.3427455960915067,0.0
-1.0625067278597027,0.07062032516369529,0.26993402171007436,-0.09557317555211559,-0.4117320394157082,-0.3675197891231764,-0.28074647071072867,-2.0124151031162527,-0.20812580203849995,-0.585669075342021,-1.1683435822501917,-2.3971730099108157,-1.340963750700263,-1.984161264813425,-1.5025446142585626,0.0
-2.4371446553315197,1.3845683889347344,-1.102703619217793,2.3547781323109573,-0.3604416990868439,-0.5637506887740162,-0.23415775650739587,0.08909968894897144,1.709955029876054,1.298553877511941,-0.14859303728757844,-0.970283365937187,-2.380203051343256,-1.984161264813425,-1.0231475597573947,0.0
-0.43632915469759487,-0.3981548621395998,0.7413574401823133,-0.35710551273670715,0.3921635277378983,0.3020729450281188,-0.5560874566647227,0.5500793343953143,-1.0066062792954595,-0.37619845544004193,-0.5911614026436928,1.3834977492369969,0.5478953211901203,0.33198949770774977,0.6813753006912026,0.0
0.8158158790111067,2.3081026182580575,0.5131863305473804,1.1239613270250766,1.4768303130181848,0.3091518179546809,0.18681827249385857,-1.0493077731682334,2.220567465029966,-1.5724417988173465,-0.7784539558501963,0.3116275097009572,-0.7475062807416327,0.6308476606137078,0.5748426219131653,0.0
-0.5790687338098807,-0.10181156726104658,0.9510253052098282,1.074591045092147,-0.48009811546576714,-0.48819388429963156,-0.6165872970537466,0.38172393753828643,-0.19712452132031177,-0.9661136989086145,-0.7158386115833669,-0.6821206328410255,-0.6174624338326624,0.6308476606137078,-0.81008220220132,0.0
-0.6490895361157903,0.2550733745859483,0.6478368655262223,-2.053492488599368,1.0245056957750525,1.3827026768344495,0.9348984512810447,-0.4276047748075612,-1.4738258646447757,0.9448884225035056,-0.8275296945955138,0.18601659216587169,-0.5978376806257805,0.4814185791607288,0.04217922802297862,0.0
-0.5339175880521603,0.6451399603056858,-0.0038508002419948523,0.0067578039697965405,0.49693076204417835,-1.521911488533506,0.30920732430970427,0.6319169939794325,-0.29824656262494414,-0.5072084921184327,-1.102294291419738,-0.409120504270947,-1.013109778936774,-1.984161264813425,-2.3548060444828613,0.0
0.6442905013183414,-0.8662107665221991,0.04107526700330184,-2.8115861225679812,-1.8192851942378803,0.6608154154416932,2.420365140961018,-0.02555203385155678,-0.7614548024876558,-0.7223983784255251,-0.6467467203490173,0.7813930740317513,-0.5561800339645511,-1.984161264813425,-1.5558109536475813,0.0
-0.8023664407649975,0.4125378909395935,-0.216281421836021,-0.500916089410145,1.1502281706412332,0.12995211631396936,-1.4641727135761062,0.19298441339834652,-0.41582999256073866,-1.353701700512477,-0.8139814493534441,-0.9302390820534331,0.11639896885790468,0.6308476606137078,0.36177726435709057,0.0
-0.7109408246234981,0.6084962958037462,0.05670970357483564,-1.0317891756963697,0.6598547610944779,1.0903458781138298,0.3455011427344494,-0.15328384861591518,1.7330524245190335,1.4917188279400155,0.0509002745715285,-0.09124345651284471,1.6539461018369435,0.6308476606137078,1.3205713733594264,0.0
0.4688905159450283,0.4291162231637995,-0.1588836475092201,0.2282620805887624,0.02507488071741647,0.543744649524866,0.4192696778697272,-1.7263478342010323,1.8557218934998814,-1.398368904056073,-0.4508048862743256,-0.7980293105899866,-0.5710818841555403,0.6308476606137078,0.09544556741199728,0.0
0.5453274207030229,1.9596173604186933,2.6726861443770518,2.2568770313271576,-0.4396083690532542,-2.1815612805860485,0.8205490531369917,1.0291578314513399,-0.33123607782268316,-2.5651788947171075,-0.06993199360534232,2.1795349638215433,0.47105302591866866,-1.984161264813425,-0.9166148809793573,0.0
-0.6549733368490335,1.251931868627315,0.7865247692578504,0.7751545664503284,-0.3792628721979541,-0.6767495496321937,0.881391706326984,-0.03656755728452191,-1.7148258143312836,-0.870590844931356,-2.2694419457066384,-0.531700693390973,0.4043210771336184,-0.8634431539160824,0.9477069976362958,0.0
-0.47778054651008756,2.395020149335987,-1.3316137421435368,-0.062488104217760305,1.8043284587410744,1.2675855193247403,0.8967218883446209,-0.7366310344235605,2.706173015175791,0.40362743273901047,-0.3191273101901334,-0.10053241262832419,-0.11508077632328244,0.6308476606137078,1.0009733370253144,0.0
0.4416992762779643,-0.6722947830916991,-0.6276247713339413,0.9744871204978045,-1.3876065383434144,-0.5519343205097013,-0.3355097003783042,-0.23949154001642417,1.7393317455156274,-0.29476949933682917,-1.0361614633976313,0.2271876805368526,0.04901232506587,0.4814185791607288,-0.011087111366040044,0.0
-0.5196664993096418,-0.14128463458126087,1.6934336959696248,0.20172594477662756,-0.2401790202544813,-1.177423484971369,0.19507391055444842,1.196236179219387,-0.07892973599111879,1.0808981711331032,-0.5163304421201248,-0.785891490997904,1.1704748381214214,0.6308476606137078,1.4271040521374638,0.0
0.41353440484934273,-0.3749179668740861,0.7447355082493801,1.6224507456863129,0.08565506811283362,-0.5534588916420694,0.1014181468930653,0.8291213486729369,-0.1790896821047408,-1.241105509040799,-0.6187289498120444,0.46326947367190857,-0.6610370125302886,0.6308476606137078,1.0009733370253144,0.0
-0.705510818332183,-0.22863522157101313,0.6628236698515566,0.8067332611647363,-0.638872441258361,0.009389585176751264,-0.3224185002419761,1.348250052297817,0.5780971861928661,0.5932006273172667,-0.9174905614216305,0.23860345362219015,-0.06354447256180173,0.6308476606137078,0.6281089613021839,0.0
1.6300819921596172,1.0438477322297066,0.5108968726854091,-0.2648875354440261,-1.5959917454167554,-0.15616524640992138,-0.28211625928728984,-1.9562575381532104,0.013036162354717648,-0.9155270767772055,-0.6435999590480931,-1.587221522564244,-0.8972234923647456,0.4814185791607288,0.2019782461900346,0.0
-0.7709154824745155,-1.2024880610002102,-0.23936529145890686,-1.2250452566304144,-1.420976128616061,0.5875115054717484,-1.119332415305313,0.025660796619602393,-2.7002856500565047,1.353145520108226,-0.8653653206091944,-1.411722853056027,1.63862361664079,0.18256041625477076,0.7346416400802213,0.0
-0.08467624326802634,-0.32553546105835984,0.7965558233333956,0.5851951950181588,-0.39233262407411473,0.20170007366166376,2.420365140961018,0.9038469224103544,0.6523563516025187,-0.0007976470062136588,0.221458059842926,0.573103869850718,-0.02591813831831151,0.6308476606137078,0.5748426219131653,0.0
2.2595820347306277,-2.420634601831195,-0.6738984062487732,-1.4995062856722692,-0.1431664071069505,-0.39410844288650654,-0.19047086691819196,1.3022907231903538,0.41304343145691536,-0.5753260677099049,2.066136685382816,1.0239102768410342,0.017689091974511014,0.6308476606137078,-0.5437505052562267,0.0
-0.6749073413356982,-0.40984086030727657,0.09492084371660332,0.4608191213087622,-1.772201307847421,-0.08824656347599608,-0.9047585794268824,-0.2379231246799181,-1.0517935876540305,-1.2971150359638786,-0.6935463823735072,0.34161974197205186,2.318215687193471,-1.984161264813425,-1.0231475597573947,0.0
1.5527175136481721,-0.27420476212974315,0.5663659067031195,-1.0041017762739457,-1.8258035561102337,-1.019433385481308,1.4483529599144047,1.6525316923915994,-0.16852396203207792,-0.4221158945672186,-0.36433999722225435,2.0442000695312923,0.050007983215810854,0.6308476606137078,0.14871190680101595,0.0
1.3662297632945426,-1.592779960589977,-0.2667926275916085,-0.19138657488132266,0.7405527369940303,-0.3985661623778356,0.2958195713570052,1.1296150124382656,0.757993463222466,0.5545185503754598,-0.19803468030483926,0.31350472682176395,1.324735298113899,0.6308476606137078,-1.0764138991464134,0.0
-0.7239905983451655,-0.0324498924371934,0.3471060572472461,1.3522307203349186,-2.200686454509687,0.7615556256126076,-1.5289748110617303,1.525947281070386,-1.3705976707039293,-0.023911470015659658,-1.0700980445093493,-0.16728042597246046,2.318215687193471,-1.984161264813425,-0.5970168446452453,0.0
-0.003610942895706475,-0.3105455274841228,-0.9765745526399767,-0.17693470376101483,-0.4716688927983305,0.2714991070208675,-1.1473198169376475,-0.2833005732956487,0.62446833120672,0.3422954967187409,2.066136685382816,0.41603956917065055,0.3025865350500167,0.6308476606137078,0.04217922802297862,0.0
-0.6621647189565806,0.3829264507903495,0.09905844414147345,-0.6093768332511869,-0.27246559791521835,-1.4228375437035008,1.1321032687598445,-0.07013605951271908,-1.384543817691565,0.6888011479875963,-1.0769172488586432,-1.8052186926917655,-0.9672895977351827,-0.4151559095571453,0.3085109249680719,0.0
-0.7423373123113364,0.38003529206709014,0.4206908976564354,0.3214949616835458,0.9502261961074232,1.237782165837374,-1.138088651389584,-1.2655492286342123,-0.9550845500265869,1.7676066690767331,-0.7433888476151036,-0.5991529304692996,0.9372591078976288,0.4814185791607288,0.2552445855790533,0.0
0.34645348394859793,1.1583449513859856,1.496453969348162,-2.204739706682047,0.0372093360243797,1.8809794823835362,-1.1025977512487866,0.48616277146632264,1.216250449802296,-1.0465732170494875,0.004048699047673185,-0.823609088160395,0.1371514380229432,0.33198949770774977,0.7879079794692398,0.0
-0.12674756566922926,0.9049106265231018,-0.08133396345098333,1.2127699462470887,1.537116297884754,0.7070350084475316,0.3271462452836428,-0.11639915830794349,-0.8443051756028196,1.005772762845933,0.38232756986351707,-0.26714528990625747,0.4649564609610012,-1.1623013168220404,-0.490484165867208,0.0
-0.9832804792229637,-0.961942834263562,-0.2655129042333109,0.41328076702946237,-1.333944621014457,2.5189252253947645,1.2632638627545962,-0.8976088656573796,0.012656545151766528,-0.3065315988696624,-0.30254748218650995,-0.7184066630019779,-2.319838456239948,-1.0128722353690613,0.04217922802297862,0.0
-0.5472411952356268,-0.3236842762372481,-1.1701978357889016,0.053584846317453666,-0.6195241796942922,0.462291769354679,0.7006208053134391,0.7001401636209184,0.9160945196313811,-0.3134842216170149,-0.22195688441585504,0.44107605168705954,0.5208247511609357,-0.2657268281041663,-1.0231475597573947,0.0
-1.0327931742999041,-0.07191181341710257,-0.3253815839514867,-1.0139754055407104,-0.4596333963286519,0.7495401796208873,-1.3761942566075687,-0.02095769894889528,-0.7345171793811835,0.38079420016538035,-0.9188929689359353,0.16532983063117096,-1.1799832138537436,-1.984161264813425,-1.4492782748695439,0.0
-0.6249274854463425,-0.7947651372824042,-1.2237904675024476,1.3106610587269312,0.8195124293205897,0.06932828080338385,0.05000063157202886,-0.0064691674175531835,-0.34436217203536473,0.6725971164498082,-1.3822981468265283,0.10256058027757581,-0.6046856728032481,0.6308476606137078,-1.0231475597573947,0.0
1.8110811767889283,-0.7004769495172588,-1.0797791282094997,0.3336681896311814,2.2156304595867122,0.027304461802250008,-0.22178362498510676,1.2721941901540368,0.45334830447575614,1.6596248733639636,-0.8220584701145304,0.18009964200051726,0.06338168262910159,-1.984161264813425,-1.289479256702488,0.0
1.4293927301687135,-0.9716781150552618,-0.3734409846177286,0.7658524574617811,-0.44917081269938564,0.8309306832597657,0.40085802051481945,0.5497184530151267,1.708756677506548,-0.9824941164024313,0.3725831943399135,-0.8600134024699754,1.4848465637136499,0.6308476606137078,-0.5970168446452453,0.0
0.6738311366851275,0.02273895030656986,-0.4068546140561481,0.7874007711144494,0.2876766964673916,-0.872131968564173,0.6041356292276281,0.2909130740031632,0.36206196418157593,0.13933419218937032,-0.45732820984368383,-1.2261092777684484,-0.4224710660617645,0.6308476606137078,1.1075060158033518,0.0
-0.6375585635998797,-0.9275132656615425,-1.4784694367645133,4.434002369971495e-06,-0.37296359059639517,0.09316681732364757,0.24551839380500373,1.5536474472219364,1.0788790212434425,-0.3184463611194744,-0.34645562808831026,-0.6949301550275435,0.2698820915874079,0.6308476606137078,0.5748426219131653,0.0
-0.8849260355373912,-0.6323144478748275,-0.5206634753435309,1.0759413731108847,0.7544745579455422,-0.9050407014038695,0.9160043658786506,-0.6938544862166386,0.8778920148427939,-0.6402327020572794,-0.7295943494773891,-1.0048155659060787,0.3607223840569054,0.33198949770774977,0.8944406582472773,0.0
0.21852896802928232,0.04504051664524997,0.42411415062747687,0.06670044376244325,0.19244375979145673,-0.980897467242759,0.9448874234058902,-1.8500582217683643,-0.9610705883450404,0.9057683325146191,0.47020030891702863,-0.5734152866349166,-0.22100337365740352,0.6308476606137078,1.1075060158033518,0.0
0.6297842903183178,0.31280700456960314,-0.5230620298053967,0.6834869055937108,0.5656279380959209,-0.050863461190046824,0.2251873171027836,0.7612801869176028,0.8873412854814983,0.6130747818839923,-0.7400352800497005,-1.3204523264793828,-0.32704934588943463,0.6308476606137078,-0.27741880831113336,0.0
-0.18407024568821406,-0.701855552534534,-0.28287458582745645,-0.29762483219322183,-0.27519429854905175,-0.47516433180444634,-0.24379517982776655,-0.870478346347002,0.6787510157136802,-0.8482961407477038,-1.0231706936741876,-0.40486797548749087,-0.595322672610082,0.6308476606137078,-0.43721782647818935,0.0
2.143094550077016,1.1620655081560753,-0.4840654973195793,0.47100735260001336,1.3450092627776469,0.9271260993236597,0.4412674604224981,1.7740187091998734,0.855704932054977,0.417174416006736,0.8111524900593997,1.5941319264928955,0.49520841101567936,0.6308476606137078,-0.22415246892211468,0.0
1.0269779434001214,-0.5074128958223393,-0.9681705662036982,0.21320898563074864,-0.1681388344351955,0.5555159651764591,-0.048124865500997926,-1.344753828803303,1.6166324621367516,0.5315058098144111,-0.8158248422964222,0.3178512718688388,-0.2389346517956412,0.6308476606137078,-0.7568158628123013,0.0
0.9995335446652565,-1.3801433993735264,2.4431781423867656,0.08354693918202258,-2.4113676953813776,0.17180962435399952,1.2531330586933742,-0.6933501378778623,0.9018423474825796,-0.4460232978140748,2.066136685382816,2.1795349638215433,1.1381263341378518,0.6308476606137078,-0.27741880831113336,0.0
-0.6296504068834174,-2.314306709444822,0.8164981134556674,-0.36498025113887345,-2.0843824072458226,-1.634702899714267,1.0796610067594625,2.569445028415477,0.2340549487622867,1.1661960515280263,2.066136685382816,2.1795349638215433,1.0961112384336522,0.6308476606137078,0.04217922802297862,0.0
0.4962169994537524,1.1983403423828682,0.8533135270918385,-1.516862677038446,-0.3639121865275326,2.7814668162113385,2.008208634924955,1.536509822491941,0.4878359044659279,2.520026987844652,0.24178521486555665,2.1795349638215433,0.08604207867983929,-0.2657268281041663,0.6813753006912026,0.0
-1.032936532032016,-1.6978949868121964,-1.9160658781894053,-1.3219947053998475,-0.8658863810225502,1.7320312137132028,-1.5931892088345312,1.7275367142596558,-1.3120699830689613,1.0316167251314985,-0.6856693624600323,-1.6742489631263286,-0.3879714847064571,-1.984161264813425,-0.650283184034264,0.0
0.8325455394805891,-0.587904828282921,-2.4763960447297255,-0.6541378182684876,0.2777062776766478,2.124856790148535,-0.13148688808367037,-0.08091822539969899,-0.155468791981043,-0.028901870474713497,-2.2694419457066384,-1.0453990314960149,-0.3568728451813238,-0.5645849910101243,-1.2362129173134693,0.0
-0.6944873782444413,0.841734263544482,1.322302620013712,0.7404557531406425,-0.11512604157952958,1.095970931623639,0.42297001373999044,0.1686902155721321,-0.33360135697623666,0.9917228318534597,-0.3465715225750158,1.1462071262566038,-0.007505551183299516,-1.984161264813425,-1.1296802385354319,0.0
-0.6802694744639634,0.49997552778065396,-0.3564760741444669,-0.09046678385270361,-0.3077792191961706,0.4225388441278466,-0.23086649822261043,-0.20367989662528815,-0.9439502693205,0.09382110085938729,-0.12390781807199787,-0.8669445063072704,0.11608999773691425,0.6308476606137078,-1.0231475597573947,0.0
2.236771965491676,0.5733360178968915,0.4602484350968136,-0.2747982896417888,-0.8218635286543443,-2.701284943177146,-1.3705478437246195,1.4145317214772601,1.1659720980087755,-0.6281671805649708,-0.6745186431097455,-1.0114773365002865,-0.9288927320560634,0.18256041625477076,1.1607723551923705,0.0
-1.5880406893875292,-1.7556675577043794,-0.9803512931506296,1.3840398059061902,-0.2891458697191924,0.057065261558717426,2.420365140961018,1.6168271011540545,0.374194161393437,0.9406953958070075,0.10622500045974513,1.3668777362158318,0.8481020492368747,-1.984161264813425,-1.7156099718146371,0.0
2.2595820347306277,-2.420634601831195,-0.006368806983860171,0.09972613465235253,-0.010658162664384085,0.24847226613719356,0.764238127991926,-0.7155692001940845,0.36287491706021435,-0.22109400940507856,0.9094625587482879,0.12041942294200401,0.10657250416652814,0.6308476606137078,-0.0643534507550587,0.0
0.8869787752829814,-0.723396555473007,-0.1178613396961465,-1.466077835913659,0.6137212672494465,-0.765442178189029,-1.1747302090362914,-0.6644578215015582,0.3432409548490631,0.010519248134952188,1.100039662396557,0.7295887400008724,-0.11678520367052227,-1.984161264813425,-1.289479256702488,0.0
0.070054537582192,0.4093709115280913,0.6718665151845471,-1.319928297518632,0.5149961362108844,-1.5321532545098748,-0.6470870072316999,-0.05186885041947662,-0.6728636505943938,0.09914723069258953,-0.11330000965850172,-0.2672181818158426,-1.0593667766405088,-1.984161264813425,-1.1296802385354319,0.0
0.015797111616578298,-0.29705194288827486,0.02034834854210902,-1.3516984378579329,-0.31240534835256345,-0.37935785905720665,0.02073837705097102,-0.05379851695964785,0.1039029776986773,0.382197488562948,-0.969949040634306,-0.7089002844318327,-0.7197118828324277,0.33198949770774977,-1.1829465779244506,0.0
-1.215551741099839,2.040934311730178,-0.7127480338687955,-1.759163959491235,1.8974565157498193,0.258655487413268,0.879765650982777,-1.448271590643298,1.2975946497940423,0.9188877473750426,0.6029045585922909,-0.3628148898217057,-1.2448789412090044,-1.1623013168220404,-0.9166148809793573,0.0
-0.7164490774641074,-0.32642683265823563,0.9815532714461261,-2.693342570310885,-0.7887449773184108,0.3840391145597213,1.0109629771081496,-0.3093930521654991,-1.493193598397289,0.6308926466274625,-0.06962470428196302,0.6049798903356941,-0.05372676838390445,0.6308476606137078,1.0542396764143331,0.0
0.000961251142188546,-0.8987144375040927,1.314428182093806,0.1479691540485897,-1.0998718046064593,0.2862653126404306,-1.2919675951529415,0.17298293955468447,-0.16959376570276893,0.7511273990235999,-0.2761630760195612,-0.19247452770796547,0.30520716644323803,0.6308476606137078,-0.81008220220132,0.0
0.31423908596984684,0.21219509091484473,1.9333187734945785,0.7800563095188623,-0.11322955311467385,-0.7029641211291866,-1.1944993313556138,0.29078032453230884,0.452041051297164,0.06818320060773725,-0.6591893772566729,0.7376079233074219,1.0867428713905136,0.6308476606137078,1.267305033970408,0.0
-0.7870113023728955,1.5693062338704313,0.18017471277253458,-1.4366091866520045,-1.0809702019676035,0.6023550108297273,-0.18757774080002548,-0.369004273378619,1.2082685061706024,0.5516009468822146,-0.6237127114420472,-0.38213034087017034,-0.16096115499070957,0.6308476606137078,0.9477069976362958,0.0
-0.28857704479264684,-0.4762961567281472,0.6762802285105677,0.2402246948363,-0.6049381668157221,1.026853675744725,0.2445277315171176,0.5416763090198033,-0.297028499208859,-0.5970092355008512,0.24539345831334014,0.1293637874469721,-1.0234261379728056,0.4814185791607288,0.2552445855790533,0.0
-1.2095103128242513,-0.20373755018603376,0.9921231529006195,0.01015599735028942,0.7765137395621858,0.3327502525154549,-1.5361899621985944,-1.2868371917745485,-0.3105869777086294,1.586337593786745,-1.4890552441971863,-1.6157781993312395,-2.1591487224263557,-0.5645849910101243,0.9477069976362958,0.0
-1.1693469798556018,-0.6451947877216744,-0.22515936711021414,1.442355288407058,0.9194910986352556,-1.7143284974193849,-1.4383803344700987,0.4766768105295162,-1.5229539441634514,2.520026987844652,-0.8826271894485016,-1.0673862910583038,-0.46700649840213687,-1.7600176426339567,-0.7035495234232827,0.0
-0.32641595923634786,-0.2561351335404165,-0.09353020734825855,0.47750034143000786,0.9710835831778619,0.8684530845674385,-0.5629876643991605,0.9655423222619618,0.7540065840252833,0.39168122264699873,-0.09977999291689198,-0.2263352707096293,0.5095545322503422,0.4814185791607288,1.6934357490825571,0.0
-0.2049922726686214,-0.21224021323983147,-0.8652429174188099,-0.6102382981773187,2.1143334644509313,-1.5414460655258388,-0.4669995378401585,-0.42066177069026994,0.8555489213187536,-0.1738072892259654,-0.6514726810891357,-0.6150086093112889,2.318215687193471,0.6308476606137078,1.2140386945813892,0.0
0.25542333988377897,-0.590063994228564,0.043033192152748076,0.025717794372658503,0.8893574799477708,0.02345086133778848,0.9221745035377499,0.8353974453357618,-1.163321004877649,-0.5386663653649925,0.3487165832608733,-0.05231358538153974,-0.3921235807551267,0.6308476606137078,1.4271040521374638,0.0
-0.19713932379791907,0.814502816686065,-1.3130246220902435,-0.8716896782316389,0.5631506188606678,0.5344174555248911,-0.6631716039155986,0.6941750044594083,0.9679762690715263,-1.089390229939044,-1.0406439863014478,1.0139553318026968,-0.08282495426786476,-0.2657268281041663,-0.43721782647818935,0.0
-0.9009784080908231,-0.3579320912368099,0.487190359008328,-1.6104360192576785,-1.7654965311617155,-0.6078761454693702,0.24545705428383607,0.2183346808365795,1.2264159953401605,1.5188916244145851,-0.780067554061286,0.40333313031114737,-1.338503457219345,-0.7140140724631033,-0.43721782647818935,0.0
-1.0259048651954774,0.7792499073037088,0.6153908691478407,0.038122854532961624,1.3313144312937686,0.9826819393466093,-0.2343027751059032,-0.3185184945778123,0.5840177899461353,0.5588536961360725,-0.3973261792660349,0.6283095795560109,-0.9521587965085537,0.4814185791607288,0.04217922802297862,0.0
-0.6896148170770664,-0.2874031894420238,-1.54890545859371,-1.5093632921669156,2.3668816797841834,-0.06326872957434719,-0.8767547905107176,-0.37246524932509134,-1.341399527594829,1.6046212693277397,0.28614735898037946,0.27897509838268575,-0.32719623695394445,0.33198949770774977,1.1075060158033518,0.0
-1.4232157199733133,-0.9033550887755835,-0.7275391167642699,-1.2469754247671634,-0.9293748255455077,-0.23195966254370706,0.643558745879435,0.9966204877489789,0.2768794911948216,-1.0956080591829611,-1.504260916923862,-1.7043789621363703,-0.709997460154324,-0.4151559095571453,-0.3839514870891707,0.0
-0.4599976420507464,-0.49036423743519386,-0.882352642162307,2.2028941868643543,-1.3670107755488257,-0.0835191127219891,-0.46270949447635484,-0.6804048094094453,0.31716628082914283,-1.3401349854034401,-0.38744355138881253,0.6451017969996409,2.143577527399675,0.6308476606137078,0.6281089613021839,0.0
-0.4444918705181489,-0.9674590977183694,-0.803065950360866,-0.7004889788142001,-0.11112834879243998,-0.07535477698154726,-0.57089325750926,0.3408352778839579,-1.3460265283133532,1.3559174986322804,0.9456723550692228,-0.8203752269323518,-1.7761544138437217,-1.6105885611809776,-1.5025446142585626,0.0
-0.5306349179853511,1.1687254929648532,-1.3170381932875368,0.75695433146044,2.3668816797841834,-1.589232081520884,0.29467609651547094,0.017229029301663246,0.8121802613881468,-2.099894768779377,-1.6371199296979633,-0.20233251510874467,-0.7020891049175381,-0.2657268281041663,1.4271040521374638,0.0
0.6859057769979912,-0.5152854298933108,-1.9138137931663615,0.18450570431341923,0.18968166973426884,0.7034362362994548,1.09131941050805,-1.3850161112722772,0.4584627395474484,2.253475451362317,0.1496352383000704,1.142801383206838,-0.0033543665276208287,0.6308476606137078,-0.0643534507550587,0.0
-0.7279000231056059,-0.17646391438625747,-0.6582582418956496,0.8495014916939887,0.2904799962802481,0.919516070971734,-0.4985811834858694,0.331744088419666,0.17901726620560812,0.9059629805238212,-0.934544471760319,-0.9240626767616069,0.4466134906674386,0.6308476606137078,0.36177726435709057,0.0
